{
 "members": [
   {
     "name": "Ридли",
     "surname": "Скотт",
     "photo": "/static/img/alien_1.png",
     "prof": [
       "инженер-исследователь",
       "пилот",
       "строитель"
     ]
   },
   {
     "name": "Марк",
     "surname": "Уотни",
     "photo": "/static/img/alien_2.jpg",
     "prof": [
       "метеоролог",
       "оператор марсохода",
       "киберинженер",
       "штурман"
     ]
   },
   {
     "name": "Энди",
     "surname": "Уир",
     "photo": "/static/img/creation.jpg",
     "prof": [
       "специалист по радиационной защите",
       "астрогеолог"
     ]
   }
 ]
}
